city_actual,rating_count,price,city,stars,year,month,weekend,distance,accommodation_type,rating
Vienna,36,81,Vienna,4,2017,11,0,2.7,Apartment,4.4
Vienna,189,81,Vienna,4,2017,11,0,1.7,Hotel,3.9
Vienna,53,85,Vienna,4,2017,11,0,1.4,Hotel,3.7
Vienna,55,83,Vienna,3,2017,11,0,1.7,Hotel,4
Vienna,33,82,Vienna,4,2017,11,0,1.2,Hotel,3.9
Vienna,25,229,Vienna,5,2017,11,0,0.9,Apartment,4.8
Vienna,57,103,Vienna,4,2017,11,0,0.9,Hotel,3.9
Vienna,161,150,Vienna,4,2017,11,0,1,Hotel,4.6
Vienna,50,80,Vienna,2,2017,11,0,0.7,Hotel,3.5
Vienna,NA,153,Vienna,3,2017,11,0,1.5,Apartment,NA
Vienna,203,60,Vienna,4,2017,11,0,1.1,Hotel,4.1
Vienna,251,128,Vienna,4,2017,11,0,0.8,Hotel,4
Vienna,142,100,Vienna,4,2017,11,0,1,Apartment,4.5
Vienna,8,143,Vienna,2,2017,11,0,1.2,Apartment,3.7
Vienna,NA,106,Vienna,2.5,2017,11,0,0.7,Hotel,NA
Vienna,18,85,Vienna,4,2017,11,0,1.7,Hotel,4.1
Vienna,20,77,Vienna,3,2017,11,0,0.9,Hotel,3.7
Vienna,77,78,Vienna,3,2017,11,0,0.8,Hotel,3.9
Vienna,76,78,Vienna,3,2017,11,0,0.9,Hotel,4
Vienna,NA,260,Vienna,3.5,2017,11,0,3.4,Apartment,NA
Vienna,5,158,Vienna,3,2017,11,0,3.4,Apartment,4.8
Vienna,77,77,Vienna,3,2017,11,0,4.2,Hotel,3.9
Vienna,193,77,Vienna,3,2017,11,0,3.9,Hotel,2.7
Vienna,94,95,Vienna,4,2017,11,0,3.6,Hotel,4.3
Vienna,1,156,Vienna,3,2017,11,0,3.8,Apartment,3
Vienna,5,145,Vienna,3,2017,11,0,3.5,Bed and breakfast,3.5
Vienna,178,208,Vienna,4,2017,11,0,2.9,Hotel,4.1
Vienna,330,87,Vienna,3,2017,11,0,3.4,Hotel,3.7
Vienna,6,131,Vienna,2,2017,11,0,2.3,Apartment,3.5
Vienna,194,54,Vienna,3,2017,11,0,2,Hotel,3.5
Vienna,9,139,Vienna,2,2017,11,0,2.4,Apartment,3
Vienna,3,184,Vienna,2,2017,11,0,2.8,Apartment,3.2
Vienna,1,127,Vienna,3,2017,11,0,2.9,Apartment,1
Vienna,NA,95,Vienna,3,2017,11,0,2.5,Apartment,NA
Vienna,441,99,Vienna,3.5,2017,11,0,1.7,Hotel,4.4
Vienna,1122,75,Vienna,3.5,2017,11,0,1.7,Hotel,4.4
Vienna,362,76,Vienna,3,2017,11,0,2.1,Hotel,4.4
Vienna,2,130,Vienna,2,2017,11,0,2.5,Apartment,3
Vienna,525,91,Vienna,4,2017,11,0,1.9,Hotel,4.5
Vienna,1,135,Vienna,2,2017,11,0,2.4,Apartment,3
Vienna,113,56,Vienna,2,2017,11,0,2,Hotel,2
Vienna,71,27,Vienna,2,2017,11,0,2.7,Hostel,3.7
Vienna,1,88,Vienna,3,2017,11,0,2.3,Apartment,3
Vienna,22,133,Vienna,2,2017,11,0,2.5,Apartment,3.5
Vienna,366,33,Vienna,2,2017,11,0,1.8,Hotel,3.4
Vienna,NA,116,Vienna,3.5,2017,11,0,2,Apartment,NA
Vienna,821,71,Vienna,4,2017,11,0,1.7,Hotel,4
Vienna,16,90,Vienna,3.5,2017,11,0,2.7,Apartment,3.5
Vienna,23,84,Vienna,4,2017,11,0,1.9,Apartment,4.1
Vienna,38,63,Vienna,3,2017,11,0,2.3,Guest House,4.3
Fischamend,366,59,Vienna,3,2017,11,0,13,Hotel,3
Vienna,77,113,Vienna,3,2017,11,0,0.2,Hotel,4.4
Vienna,27,218,Vienna,4.5,2017,11,0,0.1,Apartment,4.1
Vienna,144,299,Vienna,5,2017,11,0,0.1,Hotel,4.5
Vienna,184,156,Vienna,3,2017,11,0,0.3,Hotel,4.5
Vienna,78,513,Vienna,5,2017,11,0,0.3,Hotel,4.8
Vienna,319,133,Vienna,4,2017,11,0,0.3,Hotel,4.3
Vienna,73,123,Vienna,4,2017,11,0,0.5,Hotel,4.1
Vienna,81,219,Vienna,4,2017,11,0,0.3,Hotel,4.5
Vienna,271,152,Vienna,4,2017,11,0,0.3,Hotel,4.3
Vienna,211,115,Vienna,4,2017,11,0,0.1,Hotel,4.3
Vienna,5,806,Vienna,5,2017,11,0,0.3,Hotel,4.5
Vienna,316,138,Vienna,4,2017,11,0,0.2,Hotel,4.5
Vienna,28,95,Vienna,3,2017,11,0,0.4,Apartment,3.7
Vienna,336,146,Vienna,4,2017,11,0,0.1,Hotel,4.4
Vienna,83,103,Vienna,3,2017,11,0,0.7,Pension,4
Vienna,NA,125,Vienna,3.5,2017,11,0,0.5,Apartment,NA
Vienna,88,98,Vienna,3,2017,11,0,0.5,Hotel,3.7
Vienna,140,121,Vienna,3.5,2017,11,0,0.3,Hotel,4.5
Vienna,391,149,Vienna,4,2017,11,0,0.2,Hotel,4
Vienna,320,120,Vienna,3,2017,11,0,0.3,Hotel,3.9
Vienna,21,157,Vienna,3,2017,11,0,0.4,Hotel,4.4
Vienna,193,261,Vienna,5,2017,11,0,0.3,Hotel,4.8
Vienna,75,145,Vienna,3.5,2017,11,0,0.7,Apartment,4.1
Vienna,35,275,Vienna,4,2017,11,0,0.2,Apartment,4.3
Vienna,NA,253,Vienna,3.5,2017,11,0,0.2,Apartment,NA
Vienna,NA,209,Vienna,4,2017,11,0,0.2,Apartment,NA
Vienna,505,112,Vienna,4,2017,11,0,0.2,Hotel,4
Vienna,386,138,Vienna,4,2017,11,0,0.3,Hotel,4.3
Vienna,109,84,Vienna,3,2017,11,0,0.4,Pension,4
Vienna,626,199,Vienna,4.5,2017,11,0,0.3,Hotel,4.5
Vienna,334,203,Vienna,5,2017,11,0,0.3,Hotel,4.4
Vienna,NA,116,Vienna,3,2017,11,0,0.2,Vacation home Condo,NA
Vienna,NA,107,Vienna,3.5,2017,11,0,0.2,Apartment,NA
Vienna,NA,127,Vienna,3.5,2017,11,0,0.2,Apartment,NA
Vienna,NA,104,Vienna,3.5,2017,11,0,0.2,Apartment,NA
Vienna,11,168,Vienna,3.5,2017,11,0,0.2,Apartment,4
Vienna,150,544,Vienna,5,2017,11,0,0.5,Hotel,4.8
Vienna,531,252,Vienna,5,2017,11,0,0.5,Hotel,4.6
Vienna,253,323,Vienna,5,2017,11,0,0.5,Hotel,4.5
Vienna,47,158,Vienna,3,2017,11,0,0.3,Hotel,4.3
Vienna,19,156,Vienna,3.5,2017,11,0,0.2,Apartment,4
Vienna,124,218,Vienna,4,2017,11,0,0.2,Hotel,4.6
Vienna,115,218,Vienna,4,2017,11,0,0.1,Hotel,4.5
Vienna,110,135,Vienna,3,2017,11,0,0.3,Hotel,3.9
Vienna,16,219,Vienna,2,2017,11,0,0.6,Apartment,4
Vienna,467,179,Vienna,4,2017,11,0,0.5,Hotel,4.4
Vienna,NA,511,Vienna,3.5,2017,11,0,0.5,Apartment,NA
Vienna,650,157,Vienna,4,2017,11,0,0.7,Hotel,4.5
Vienna,95,146,Vienna,4,2017,11,0,0.3,Hotel,4.5
Vienna,564,200,Vienna,5,2017,11,0,0.4,Hotel,4.3
Vienna,168,157,Vienna,4,2017,11,0,0.1,Hotel,4.1
Vienna,NA,138,Vienna,4,2017,11,0,0.3,Apartment,NA
Vienna,175,108,Vienna,3,2017,11,0,0.3,Hotel,3.5
Vienna,NA,290,Vienna,3.5,2017,11,0,0.2,Apartment,NA
Vienna,426,127,Vienna,4,2017,11,0,0.8,Hotel,4
Vienna,1,114,Vienna,3,2017,11,0,0.7,Guest House,3
Vienna,148,163,Vienna,4,2017,11,0,0.4,Hotel,4.1
Vienna,163,116,Vienna,4,2017,11,0,0.2,Apart-hotel,4.5
Vienna,493,226,Vienna,5,2017,11,0,0.5,Hotel,4.3
Vienna,56,231,Vienna,4,2017,11,0,0.1,Hotel,4.4
Vienna,247,116,Vienna,4,2017,11,0,0.4,Hotel,4.4
Vienna,169,76,Vienna,3,2017,11,0,0.4,Guest House,3.7
Vienna,1,135,Vienna,3.5,2017,11,0,0.3,Apartment,1
Vienna,599,184,Vienna,5,2017,11,0,0.6,Hotel,4.5
Vienna,258,384,Vienna,5,2017,11,0,0.6,Hotel,4.8
Vienna,703,166,Vienna,4,2017,11,0,0.6,Hotel,4.3
Vienna,230,187,Vienna,5,2017,11,0,0.5,Hotel,4.1
Vienna,112,371,Vienna,5,2017,11,0,0.5,Hotel,4.6
Vienna,278,156,Vienna,4,2017,11,0,0.1,Pension,4.4
Vienna,NA,220,Vienna,3.5,2017,11,0,0.3,Apartment,NA
Vienna,81,169,Vienna,4,2017,11,0,0.3,Hotel,4.5
Vienna,NA,103,Vienna,3,2017,11,0,0.3,Apartment,NA
Vienna,15,266,Vienna,5,2017,11,0,0.3,Apartment,4.5
Vienna,203,131,Vienna,3,2017,11,0,0.1,Pension,3.9
Vienna,150,168,Vienna,4,2017,11,0,0.2,Apartment,4.6
Vienna,NA,101,Vienna,3,2017,11,0,0.2,Apartment,NA
Vienna,NA,364,Vienna,3.5,2017,11,0,0.2,Apartment,NA
Vienna,404,242,Vienna,4,2017,11,0,0,Hotel,4.8
Vienna,123,223,Vienna,4,2017,11,0,0.5,Hotel,3.5
Vienna,653,149,Vienna,4,2017,11,0,0.3,Hotel,4.4
Vienna,NA,232,Vienna,3.5,2017,11,0,0.2,Apartment,NA
Vienna,388,114,Vienna,4,2017,11,0,0.5,Hotel,4
Vienna,1,253,Vienna,3.5,2017,11,0,0.1,Apartment,2
Vienna,230,163,Vienna,4,2017,11,0,0.3,Apart-hotel,4.4
Vienna,69,116,Vienna,3,2017,11,0,0.4,Pension,4.1
Vienna,34,139,Vienna,4,2017,11,0,0.2,Hotel,3.5
Vienna,6,91,Vienna,3.5,2017,11,0,0.2,Apartment,3.2
Vienna,102,79,Vienna,3,2017,11,0,1.4,Hotel,3.5
Vienna,65,66,Vienna,4,2017,11,0,1.1,Pension,3.7
Vienna,9,100,Vienna,3,2017,11,0,1.1,Apartment,3
Vienna,11,75,Vienna,2.5,2017,11,0,1.3,Pension,3
Vienna,51,73,Vienna,2,2017,11,0,1.2,Pension,3.5
Vienna,298,127,Vienna,5,2017,11,0,0.8,Hotel,4.1
Vienna,354,110,Vienna,3,2017,11,0,0.9,Hotel,4.1
Vienna,92,88,Vienna,3,2017,11,0,0.9,Hotel,4.4
Vienna,66,59,Vienna,3,2017,11,0,1.2,Pension,3.7
Vienna,NA,355,Vienna,4,2017,11,0,1.6,Apartment,NA
Vienna,128,59,Vienna,3,2017,11,0,1.6,Hotel,3.9
Vienna,530,119,Vienna,4,2017,11,0,0.9,Hotel,4
Vienna,342,152,Vienna,4,2017,11,0,0.9,Hotel,4.3
Vienna,194,102,Vienna,4,2017,11,0,1,Hotel,4
Vienna,1,363,Vienna,3.5,2017,11,0,1.5,Apartment,5
Vienna,63,54,Vienna,3,2017,11,0,1.1,Hotel,3.2
Vienna,67,101,Vienna,3,2017,11,0,1.1,Apartment,4
Vienna,84,75,Vienna,2,2017,11,0,0.9,Hotel,4
Vienna,30,73,Vienna,2,2017,11,0,0.9,Hotel,3.9
Vienna,169,94,Vienna,3,2017,11,0,1,Hotel,4.1
Vienna,65,64,Vienna,4,2017,11,0,1.1,Pension,3.5
Vienna,91,81,Vienna,3.5,2017,11,0,1,Apart-hotel,3.7
Vienna,1,162,Vienna,3,2017,11,0,1.6,Apartment,4
Vienna,765,115,Vienna,4,2017,11,0,0.9,Hotel,4.5
Vienna,80,101,Vienna,4,2017,11,0,1.2,Apartment,4.4
Vienna,43,68,Vienna,3,2017,11,0,0.9,Hotel,3.7
Vienna,78,354,Vienna,5,2017,11,0,0.4,Hotel,4.5
Vienna,184,153,Vienna,4,2017,11,0,0.2,Hotel,4.1
Vienna,276,202,Vienna,5,2017,11,0,0.2,Hotel,4.3
Vienna,313,169,Vienna,4,2017,11,0,0.3,Hotel,4.1
Vienna,323,182,Vienna,4,2017,11,0,0.5,Hotel,4.5
Vienna,NA,193,Vienna,3,2017,11,0,0.1,Apartment,NA
Vienna,90,138,Vienna,4,2017,11,0,0.2,Pension,4.1
Vienna,140,527,Vienna,5,2017,11,0,0.4,Hotel,4.8
Vienna,512,142,Vienna,4,2017,11,0,0.1,Hotel,4.4
Vienna,NA,98,Vienna,3.5,2017,11,0,0.4,Apartment,NA
Vienna,340,110,Vienna,4,2017,11,0,0.6,Hotel,4.3
Vienna,34,82,Vienna,3.5,2017,11,0,1.9,Apartment,4.1
Vienna,26,91,Vienna,3.5,2017,11,0,0.9,Apartment,2.5
Vienna,NA,150,Vienna,3.5,2017,11,0,1.6,Apartment,NA
Vienna,97,83,Vienna,3.5,2017,11,0,1.7,Apartment,4.4
Vienna,11,95,Vienna,4.5,2017,11,0,1.8,Apartment,4
Vienna,15,131,Vienna,3,2017,11,0,1.4,Apartment,3.7
Vienna,84,162,Vienna,4,2017,11,0,1.1,Bed and breakfast,4.8
Vienna,152,177,Vienna,5,2017,11,0,0.5,Hotel,4.3
Vienna,3,122,Vienna,2,2017,11,0,1.5,Apartment,4
Vienna,25,79,Vienna,3,2017,11,0,1.6,Apartment,2
Vienna,181,82,Vienna,4,2017,11,0,1.4,Hotel,4
Vienna,359,82,Vienna,4,2017,11,0,1.7,Hotel,4.1
Vienna,160,66,Vienna,3,2017,11,0,1.8,Hotel,3.9
Vienna,303,169,Vienna,4,2017,11,0,0.8,Hotel,4.1
Vienna,254,59,Vienna,3,2017,11,0,0.8,Guest House,3.7
Vienna,173,109,Vienna,4,2017,11,0,1.5,Hotel,4.1
Vienna,114,104,Vienna,3,2017,11,0,0.7,Hotel,3.4
Vienna,249,145,Vienna,3.5,2017,11,0,0.9,Hotel,4.3
Vienna,1,58,Vienna,3.5,2017,11,0,1.4,Apartment,2
Vienna,6,107,Vienna,4,2017,11,0,1.3,Vacation home Condo,4.3
Vienna,13,85,Vienna,3,2017,11,0,0.8,Hotel,3.5
Vienna,18,184,Vienna,4,2017,11,0,0.7,Apartment,4.5
Vienna,497,137,Vienna,4.5,2017,11,0,1,Hotel,4.1
Vienna,503,116,Vienna,4.5,2017,11,0,1.1,Hotel,4.5
Vienna,70,157,Vienna,2,2017,11,0,1.1,Apartment,3.7
Vienna,109,110,Vienna,3,2017,11,0,1.3,Hotel,3.7
Vienna,171,134,Vienna,4,2017,11,0,0.6,Hotel,4.3
Vienna,79,79,Vienna,4,2017,11,0,1.3,Hotel,3.7
Vienna,13,143,Vienna,3,2017,11,0,1.4,Apartment,4.5
Vienna,281,132,Vienna,4,2017,11,0,1,Hotel,4.1
Vienna,108,68,Vienna,4,2017,11,0,1.3,Apartment,4
Vienna,267,128,Vienna,4,2017,11,0,0.6,Hotel,4.1
Vienna,183,99,Vienna,3,2017,11,0,1.5,Hotel,4.5
Vienna,5,149,Vienna,2,2017,11,0,0.9,Apartment,2.2
Vienna,136,86,Vienna,4,2017,11,0,1.8,Hotel,4
Vienna,11,155,Vienna,3,2017,11,0,1.9,Apartment,4.1
Vienna,242,63,Vienna,3,2017,11,0,1,Hotel,3.4
Vienna,81,157,Vienna,2,2017,11,0,0.6,Apartment,3.7
Vienna,16,134,Vienna,3.5,2017,11,0,0.6,Hotel,4
Vienna,6,141,Vienna,5,2017,11,0,1.7,Apartment,4.3
Vienna,122,79,Vienna,3,2017,11,0,0.9,Hotel,3.7
Vienna,250,138,Vienna,4,2017,11,0,0.5,Hotel,4
Vienna,603,113,Vienna,4,2017,11,0,1,Hotel,4.5
Vienna,25,171,Vienna,3,2017,11,0,1.5,Apartment,3.5
Vienna,52,56,Vienna,2,2017,11,0,1.5,Hotel,3.5
Vienna,152,84,Vienna,3,2017,11,0,1.5,Hotel,3.9
Vienna,293,72,Vienna,2,2017,11,0,1.1,Hotel,4
Vienna,1,587,Vienna,5,2017,11,0,0.7,Hotel,1
Vienna,84,68,Vienna,3,2017,11,0,0.9,Hotel,4
Vienna,208,102,Vienna,3.5,2017,11,0,1.5,Hotel,3.9
Vienna,29,96,Vienna,3,2017,11,0,1.5,Apartment,3.4
Vienna,57,81,Vienna,1,2017,11,0,0.9,Hotel,3.7
Vienna,267,82,Vienna,3,2017,11,0,1.6,Hotel,4.1
Vienna,275,66,Vienna,3,2017,11,0,1.1,Hotel,4
Vienna,23,87,Vienna,3,2017,11,0,0.8,Apartment,3.9
Vienna,NA,364,Vienna,4,2017,11,0,0.6,Apartment,NA
Vienna,240,240,Vienna,5,2017,11,0,0.4,Hotel,4.5
Vienna,374,113,Vienna,3,2017,11,0,0.8,Hotel,4.5
Vienna,468,106,Vienna,3,2017,11,0,1,Hotel,4.5
Vienna,422,89,Vienna,3,2017,11,0,1.6,Hotel,4.1
Vienna,307,61,Vienna,2,2017,11,0,0.9,Hotel,4
Vienna,2,92,Vienna,3.5,2017,11,0,0.8,Apartment,4.5
Vienna,527,106,Vienna,4,2017,11,0,0.8,Hotel,4.1
Vienna,637,100,Vienna,4,2017,11,0,0.8,Hotel,4
Vienna,461,75,Vienna,3,2017,11,0,0.7,Hotel,4.1
Vienna,3,84,Vienna,3,2017,11,0,0.8,Hotel,2.2
Vienna,104,151,Vienna,4,2017,11,0,0.5,Hotel,4.6
Vienna,90,87,Vienna,3,2017,11,0,0.9,Hotel,3.5
Vienna,75,117,Vienna,4,2017,11,0,0.5,Hotel,4.4
Vienna,139,120,Vienna,4,2017,11,0,1.9,Hotel,4.5
Vienna,NA,132,Vienna,3.5,2017,11,0,0.8,Apartment,NA
Vienna,41,68,Vienna,2.5,2017,11,0,0.9,Hotel,3.9
Vienna,122,383,Vienna,3,2017,11,0,1.9,Hotel,4
Vienna,6,160,Vienna,4,2017,11,0,1.6,Apartment,4.3
Vienna,NA,135,Vienna,2,2017,11,0,2,Apartment,NA
Vienna,137,111,Vienna,4.5,2017,11,0,2,Hotel,4.5
Vienna,144,174,Vienna,4,2017,11,0,1.5,Hotel,4.3
Vienna,80,63,Vienna,3,2017,11,0,2,Hotel,3.5
Vienna,11,73,Vienna,3,2017,11,0,1.4,Apartment,4.3
Vienna,58,100,Vienna,3.5,2017,11,0,1.5,Hotel,4.5
Vienna,NA,162,Vienna,3.5,2017,11,0,1.7,Apartment,NA
Vienna,303,86,Vienna,4,2017,11,0,1.4,Hotel,3.9
Vienna,NA,103,Vienna,3,2017,11,0,1.9,Guest House,NA
Vienna,82,67,Vienna,3,2017,11,0,1.8,Hotel,4
Vienna,248,129,Vienna,4,2017,11,0,1.3,Hotel,4.1
Vienna,151,80,Vienna,3,2017,11,0,1.9,Apartment,4.1
Vienna,7,131,Vienna,2,2017,11,0,1.9,Apartment,3.2
Vienna,2,150,Vienna,3.5,2017,11,0,1.6,Apartment,5
Vienna,3,159,Vienna,3,2017,11,0,1.1,Apartment,4.6
Vienna,85,86,Vienna,3,2017,11,0,1.3,Hotel,4
Vienna,3,96,Vienna,2,2017,11,0,0.9,Hotel,3.7
Vienna,258,131,Vienna,4,2017,11,0,0.7,Hotel,4.1
Vienna,13,103,Vienna,4,2017,11,0,2,Apartment,4.1
Vienna,95,85,Vienna,2,2017,11,0,1,Hotel,4
Vienna,44,80,Vienna,3,2017,11,0,1.4,Hotel,3.9
Vienna,125,93,Vienna,4,2017,11,0,1.1,Hotel,4
Vienna,5,81,Vienna,3.5,2017,11,0,1.8,Apartment,4.5
Vienna,161,77,Vienna,3,2017,11,0,1.9,Hotel,4
Vienna,210,140,Vienna,4,2017,11,0,0.8,Hotel,4.8
Vienna,264,99,Vienna,4,2017,11,0,1,Hotel,4
Vienna,49,75,Vienna,4,2017,11,0,1.1,Pension,4.1
Vienna,162,105,Vienna,4,2017,11,0,1.4,Hotel,4.4
Vienna,581,100,Vienna,3.5,2017,11,0,1.7,Hotel,4.5
Vienna,55,89,Vienna,3,2017,11,0,1,Pension,3.7
Vienna,39,82,Vienna,3,2017,11,0,1.1,Hotel,3.9
Vienna,484,82,Vienna,4,2017,11,0,1.8,Hotel,3.9
Vienna,NA,88,Vienna,3,2017,11,0,1.8,Apartment,NA
Vienna,NA,150,Vienna,3,2017,11,0,1.6,Apartment,NA
Vienna,10,134,Vienna,2,2017,11,0,1.6,Apartment,3.7
Vienna,45,87,Vienna,4,2017,11,0,1.9,Hotel,3.5
Vienna,98,100,Vienna,4,2017,11,0,1.6,Hotel,3.7
Vienna,239,84,Vienna,4,2017,11,0,1.6,Hotel,4.3
Vienna,170,52,Vienna,2,2017,11,0,0.9,Hotel,3.7
Vienna,100,98,Vienna,4,2017,11,0,0.8,Hotel,3.7
Vienna,310,333,Vienna,5,2017,11,0,0.7,Hotel,4.9
Vienna,305,99,Vienna,3,2017,11,0,1.8,Hotel,4.1
Vienna,105,77,Vienna,3,2017,11,0,1.5,Bed and breakfast,4
Vienna,6,160,Vienna,3.5,2017,11,0,1.6,Apartment,4.6
Vienna,1,160,Vienna,3.5,2017,11,0,1.6,Apartment,5
Vienna,141,76,Vienna,3,2017,11,0,1.6,Hotel,3.5
Vienna,14,89,Vienna,3,2017,11,0,1.6,Bed and breakfast,4.4
Vienna,6,113,Vienna,3,2017,11,0,0.8,Hotel,3.7
Vienna,328,110,Vienna,4,2017,11,0,0.9,Hotel,4.4
Vienna,123,184,Vienna,4,2017,11,0,1,Hotel,4.6
Vienna,181,33,Vienna,2,2017,11,0,1.7,Hotel,3.2
Vienna,77,1012,Vienna,3,2017,11,0,1,Hotel,4.3
Vienna,308,99,Vienna,4,2017,11,0,1.7,Hotel,4.1
Vienna,54,122,Vienna,3,2017,11,0,0.8,Hotel,3.9
Vienna,544,122,Vienna,4,2017,11,0,1.7,Hotel,4.3
Vienna,359,105,Vienna,4,2017,11,0,1.7,Hotel,4
Vienna,3,98,Vienna,4,2017,11,0,1.7,Apartment,5
Vienna,NA,92,Vienna,3.5,2017,11,0,1.4,Apartment,NA
Vienna,98,109,Vienna,4,2017,11,0,1.4,Hotel,4
Vienna,54,105,Vienna,3,2017,11,0,1.2,Hotel,4.1
Vienna,22,133,Vienna,2,2017,11,0,2,Apartment,3.2
Vienna,4,133,Vienna,2.5,2017,11,0,2.3,Apartment,4.3
Vienna,69,52,Vienna,3,2017,11,0,3.1,Hotel,3.5
Vienna,17,134,Vienna,2,2017,11,0,1.8,Apartment,3.7
Vienna,83,80,Vienna,4,2017,11,0,4.1,Hotel,4
Vienna,36,91,Vienna,2,2017,11,0,2.9,Hotel,4
Vienna,NA,129,Vienna,4,2017,11,0,2.6,Apartment,NA
Vienna,153,47,Vienna,2,2017,11,0,1.9,Hostel,3.7
Vienna,136,70,Vienna,4,2017,11,0,1.8,Hotel,3.9
Vienna,17,88,Vienna,3.5,2017,11,0,2.3,Apartment,2.2
Vienna,156,136,Vienna,3,2017,11,0,1.9,Hotel,4.5
Vienna,81,80,Vienna,3,2017,11,0,2.1,Hotel,4.1
Vienna,40,131,Vienna,2,2017,11,0,2.3,Apartment,3.9
Vienna,54,81,Vienna,3,2017,11,0,2.4,Hotel,4.1
Vienna,13,133,Vienna,2,2017,11,0,2.5,Apartment,3.7
Vienna,225,66,Vienna,4,2017,11,0,3.6,Hotel,3.7
Vienna,144,77,Vienna,3,2017,11,0,2.8,Hotel,4
Vienna,2,121,Vienna,3,2017,11,0,1.8,Apartment,4.5
Vienna,525,69,Vienna,4,2017,11,0,2.1,Hotel,3.7
Vienna,113,83,Vienna,3,2017,11,0,2.1,Hotel,4.1
Vienna,10,53,Vienna,2,2017,11,0,1.9,Hostel,4.1
Vienna,2,133,Vienna,3.5,2017,11,0,2.7,Apartment,4
Vienna,78,77,Vienna,4,2017,11,0,1.8,Hotel,3.9
Vienna,69,48,Vienna,2,2017,11,0,2,Hostel,4.5
Vienna,314,142,Vienna,4.5,2017,11,0,2.9,Hotel,4.3
Vienna,134,121,Vienna,4,2017,11,0,1.7,Hotel,3.9
Vienna,38,68,Vienna,3,2017,11,0,3.6,Hotel,3.5
Vienna,65,63,Vienna,3,2017,11,0,2,Hotel,3.7
Vienna,92,101,Vienna,3,2017,11,0,2.1,Hotel,4.5
Vienna,100,75,Vienna,4,2017,11,0,2.6,Hotel,3.7
Vienna,910,156,Vienna,4,2017,11,0,3.6,Hotel,4.3
Vienna,79,56,Vienna,3,2017,11,0,3.7,Hotel,3.5
Vienna,1541,82,Vienna,3.5,2017,11,0,2.4,Hotel,4.5
Vienna,183,82,Vienna,4,2017,11,0,2.6,Hotel,4.4
Vienna,30,106,Vienna,3,2017,11,0,4.1,Hotel,3.7
Vienna,24,85,Vienna,3,2017,11,0,3.1,Hotel,2.7
Vienna,18,83,Vienna,3.5,2017,11,0,2.6,Hotel,4.5
Vienna,140,92,Vienna,4,2017,11,0,2.9,Hotel,4.1
Vienna,14,169,Vienna,3,2017,11,0,2.3,Apartment,4.3
Vienna,8,77,Vienna,3,2017,11,0,2.7,Guest House,3.5
Schwechat,333,92,Vienna,3,2017,11,0,11,Hotel,4.3
Schwechat,923,166,Vienna,4,2017,11,0,11,Hotel,4
Schwechat,122,137,Vienna,4,2017,11,0,7.7,Hotel,3.7
Schwechat,26,99,Vienna,3,2017,11,0,7.7,Hotel,3.7
Schwechat,73,140,Vienna,4,2017,11,0,7.8,Hotel,3.5
Schwechat,161,80,Vienna,3,2017,11,0,6.3,Hotel,3.2
Schwechat,39,91,Vienna,3,2017,11,0,6.7,Hotel,3.5
Vienna,NA,105,Vienna,3.5,2017,11,0,4.3,Apartment,NA
Vienna,2,130,Vienna,2,2017,11,0,2.6,Apartment,4
Vienna,16,110,Vienna,3,2017,11,0,4.7,Pension,4.3
Vienna,124,117,Vienna,4,2017,11,0,2,Hotel,4
Vienna,9,106,Vienna,4,2017,11,0,5.4,Pension,4.1
Vienna,33,66,Vienna,3,2017,11,0,3.9,Hotel,3.7
Vienna,16,266,Vienna,5,2017,11,0,3.5,Apartment,4.6
Vienna,57,58,Vienna,2,2017,11,0,2.4,Hotel,3.5
Vienna,21,81,Vienna,3.5,2017,11,0,3.7,Hotel,4.1
Vienna,160,109,Vienna,4,2017,11,0,3.5,Hotel,4
Vienna,985,114,Vienna,4.5,2017,11,0,2.3,Hotel,4.3
Vienna,69,125,Vienna,3.5,2017,11,0,2.3,Apart-hotel,4.4
Vienna,51,69,Vienna,3,2017,11,0,1.7,Guest House,3.7
Vienna,NA,69,Vienna,3,2017,11,0,2.6,Apartment,NA
Vienna,72,97,Vienna,4,2017,11,0,3.1,Hotel,4
Vienna,65,74,Vienna,4,2017,11,0,4.8,Hotel,3.9
Vienna,147,69,Vienna,4,2017,11,0,3.7,Hotel,3.7
Vienna,45,83,Vienna,4,2017,11,0,3.9,Hotel,4
Vienna,50,50,Vienna,3,2017,11,0,3.9,Hotel,3.9
Vienna,27,130,Vienna,2,2017,11,0,4.7,Apartment,3.2
Vienna,2,134,Vienna,3,2017,11,0,3.7,Apartment,3
Vienna,12,134,Vienna,3,2017,11,0,6.9,Apartment,4
Vienna,26,77,Vienna,3,2017,11,0,3.7,Hotel,4
Vienna,28,102,Vienna,3,2017,11,0,5.3,Hotel,4
Vienna,30,56,Vienna,3.5,2017,11,0,2.5,Apartment,3.2
Vienna,1,185,Vienna,3,2017,11,0,2.7,Apartment,3
Vienna,12,130,Vienna,3,2017,11,0,6.6,Hotel,4.4
Vienna,171,78,Vienna,3,2017,11,0,3.2,Hotel,4.3
Vienna,34,76,Vienna,3,2017,11,0,3.3,Hotel,3.7
Vienna,69,68,Vienna,4,2017,11,0,4.5,Hotel,4
Vienna,84,116,Vienna,4,2017,11,0,2.7,Hotel,4
Vienna,212,172,Vienna,4,2017,11,0,2.2,Hotel,4.1
Vienna,15,80,Vienna,2,2017,11,0,5.2,Hostel,3.2
Vienna,12,87,Vienna,3,2017,11,0,2.4,Hotel,4
Vienna,89,90,Vienna,3,2017,11,0,4.6,Hotel,3
Vienna,74,100,Vienna,3.5,2017,11,0,2.7,Hotel,4.4
Vienna,3,173,Vienna,2,2017,11,0,3.1,Apartment,3.2
Vienna,44,92,Vienna,2,2017,11,0,2.5,Pension,3.2
Vienna,6,133,Vienna,2,2017,11,0,2.6,Apartment,3.7
Vienna,3,134,Vienna,3.5,2017,11,0,5.1,Apartment,3.2
Vienna,2,209,Vienna,3,2017,11,0,5.2,Apartment,4
Vienna,44,66,Vienna,3,2017,11,0,1.6,Apartment,4.4
Vienna,35,114,Vienna,4,2017,11,0,1.4,Apartment,4.9
Voesendorf,38,89,Vienna,4,2017,11,0,7,Hotel,3.5
Voesendorf,115,92,Vienna,4,2017,11,0,7.1,Hotel,3.7
Vienna,186,84,Vienna,3,2017,11,0,1.9,Hotel,4.4
Vienna,27,124,Vienna,2,2017,11,0,1.8,Apartment,3.5
Vienna,45,185,Vienna,4,2017,11,0,2.1,Hotel,4.4
Vienna,168,85,Vienna,4,2017,11,0,3,Hotel,4
Vienna,1,133,Vienna,2,2017,11,0,1.9,Apartment,4
Vienna,77,110,Vienna,3.5,2017,11,0,1.6,Hotel,4.5
Vienna,72,86,Vienna,3,2017,11,0,1.6,Hotel,4.3
Vienna,158,118,Vienna,4,2017,11,0,1,Hotel,4.1
Vienna,15,126,Vienna,3.5,2017,11,0,0.9,Hotel,4.5
Vienna,291,92,Vienna,3,2017,11,0,1.3,Hotel,4.3
Vienna,317,197,Vienna,4,2017,11,0,0.8,Hotel,4.8
Vienna,193,39,Vienna,2.5,2017,11,0,1.3,Guest House,3.5
Vienna,280,135,Vienna,4,2017,11,0,1.2,Hotel,4.5
Vienna,47,125,Vienna,4,2017,11,0,1.2,Hotel,4.4
Vienna,7,67,Vienna,2,2017,11,0,1,Hostel,3.4
Vienna,125,134,Vienna,4,2017,11,0,0.8,Hotel,4.5
Vienna,34,91,Vienna,3,2017,11,0,0.9,Hotel,3.5
Vienna,112,110,Vienna,3,2017,11,0,0.8,Hotel,3.9
Vienna,1,84,Vienna,3.5,2017,11,0,0.9,Apartment,5
Vienna,77,100,Vienna,3,2017,11,0,1.2,Hotel,4
Vienna,572,95,Vienna,4,2017,11,0,1.5,Hotel,4.1
Vienna,53,73,Vienna,3,2017,11,0,1.5,Hotel,3.4
Vienna,2,109,Vienna,3,2017,11,0,1.5,Apartment,5
Vienna,145,185,Vienna,5,2017,11,0,0.8,Hotel,4.3
Vienna,112,100,Vienna,4,2017,11,0,1,Hotel,4.4
Vienna,169,58,Vienna,3,2017,11,0,1.4,Hotel,3.2
Vienna,80,110,Vienna,3.5,2017,11,0,0.7,Apartment,4
